{"cameraMode":{"drawMode":0,"name":"Shaded","section":"Shading Mode"},"sceneLighting":true,"audioPlay":false,"sceneViewState":{"showFog":true,"showMaterialUpdate":false,"showSkybox":true,"showFlares":true,"showImageEffects":true,"showParticleSystems":true,"showVisualEffectGraphs":true,"m_FxEnabled":true},"in2DMode":false,"pivot":{"x":-16.269723892211915,"y":-11.498929977416993,"z":5.019585609436035},"rotation":{"x":-0.4406510889530182,"y":0.0018792536575347186,"z":-0.0009268349385820329,"w":-0.8977054953575134},"size":36.600894927978519,"orthographic":false}