{"cameraMode":{"drawMode":0,"name":"Shaded","section":"Shading Mode"},"sceneLighting":false,"audioPlay":false,"sceneViewState":{"showFog":true,"showMaterialUpdate":false,"showSkybox":false,"showFlares":true,"showImageEffects":true,"showParticleSystems":true,"showVisualEffectGraphs":true,"m_FxEnabled":true},"in2DMode":false,"pivot":{"x":-0.9930555820465088,"y":-0.42203712463378909,"z":1.8134781122207642},"rotation":{"x":-0.39647790789604189,"y":0.49560046195983889,"z":-0.27158811688423159,"w":-0.7234856486320496},"size":9.377690315246582,"orthographic":false}