{"cameraMode":{"drawMode":0,"name":"Shaded","section":"Shading Mode"},"sceneLighting":true,"audioPlay":false,"sceneViewState":{"showFog":true,"showMaterialUpdate":false,"showSkybox":true,"showFlares":true,"showImageEffects":true,"showParticleSystems":true,"showVisualEffectGraphs":true,"m_FxEnabled":true},"in2DMode":false,"pivot":{"x":-0.6563268303871155,"y":2.1009435653686525,"z":3.2192883491516115},"rotation":{"x":0.30737969279289248,"y":0.47428154945373537,"z":-0.18112997710704804,"w":0.8048591613769531},"size":18.06407356262207,"orthographic":false}