{"cameraMode":{"drawMode":0,"name":"Shaded","section":"Shading Mode"},"sceneLighting":true,"audioPlay":false,"sceneViewState":{"showFog":true,"showMaterialUpdate":false,"showSkybox":true,"showFlares":true,"showImageEffects":true,"showParticleSystems":true,"showVisualEffectGraphs":true,"m_FxEnabled":true},"in2DMode":false,"pivot":{"x":12.503338813781739,"y":-51.395328521728519,"z":34.103694915771487},"rotation":{"x":-0.4552142024040222,"y":-0.26055628061294558,"z":0.14126795530319215,"w":-0.8396221399307251},"size":106.27896881103516,"orthographic":false}