{"cameraMode":{"drawMode":0,"name":"Shaded","section":"Shading Mode"},"sceneLighting":true,"audioPlay":false,"sceneViewState":{"showFog":true,"showMaterialUpdate":false,"showSkybox":true,"showFlares":true,"showImageEffects":true,"showParticleSystems":true,"showVisualEffectGraphs":true,"m_FxEnabled":true},"in2DMode":false,"pivot":{"x":-1.2572623491287232,"y":-36.75660705566406,"z":20.144805908203126},"rotation":{"x":-0.5373109579086304,"y":0.0033589305821806194,"z":-0.001998910214751959,"w":-0.8432611227035523},"size":62.402957916259769,"orthographic":false}