{"cameraMode":{"drawMode":0,"name":"Shaded","section":"Shading Mode"},"sceneLighting":true,"audioPlay":false,"sceneViewState":{"showFog":true,"showMaterialUpdate":false,"showSkybox":true,"showFlares":true,"showImageEffects":true,"showParticleSystems":true,"showVisualEffectGraphs":true,"m_FxEnabled":true},"in2DMode":false,"pivot":{"x":0.03542661666870117,"y":-2.9829163551330568,"z":14.881049156188965},"rotation":{"x":0.6674875617027283,"y":-0.004480073694139719,"z":0.003996875137090683,"w":0.7446454763412476},"size":59.71574783325195,"orthographic":false}