{"cameraMode":{"drawMode":0,"name":"Shaded","section":"Shading Mode"},"sceneLighting":true,"audioPlay":false,"sceneViewState":{"showFog":true,"showMaterialUpdate":false,"showSkybox":true,"showFlares":true,"showImageEffects":true,"showParticleSystems":true,"showVisualEffectGraphs":true,"m_FxEnabled":true},"in2DMode":false,"pivot":{"x":16.064773559570314,"y":3.7348852157592775,"z":14.386736869812012},"rotation":{"x":0.46403026580810549,"y":0.15789887309074403,"z":-0.08857131004333496,"w":0.8665289878845215},"size":47.22020721435547,"orthographic":false}