{"cameraMode":{"drawMode":0,"name":"Shaded","section":"Shading Mode"},"sceneLighting":true,"audioPlay":false,"sceneViewState":{"showFog":true,"showMaterialUpdate":false,"showSkybox":true,"showFlares":true,"showImageEffects":true,"showParticleSystems":true,"showVisualEffectGraphs":true,"m_FxEnabled":true},"in2DMode":false,"pivot":{"x":11.782041549682618,"y":-9.75239372253418,"z":-8.883901596069336},"rotation":{"x":0.4066687524318695,"y":0.003021430457010865,"z":-0.0013492428697645665,"w":0.9135622382164002},"size":59.742061614990237,"orthographic":false}