{"cameraMode":{"drawMode":0,"name":"Shaded","section":"Shading Mode"},"sceneLighting":true,"audioPlay":false,"sceneViewState":{"showFog":true,"showMaterialUpdate":false,"showSkybox":true,"showFlares":true,"showImageEffects":true,"showParticleSystems":true,"showVisualEffectGraphs":true,"m_FxEnabled":true},"in2DMode":false,"pivot":{"x":8.89291000366211,"y":-25.709999084472658,"z":26.051189422607423},"rotation":{"x":-0.5830115675926209,"y":0.0048826634883880619,"z":0.0012118349550291896,"w":-0.8118281364440918},"size":66.09065246582031,"orthographic":false}