{"cameraMode":{"drawMode":0,"name":"Shaded","section":"Shading Mode"},"sceneLighting":true,"audioPlay":false,"sceneViewState":{"showFog":true,"showMaterialUpdate":false,"showSkybox":true,"showFlares":true,"showImageEffects":true,"showParticleSystems":true,"showVisualEffectGraphs":true,"m_FxEnabled":true},"in2DMode":false,"pivot":{"x":-4.554153919219971,"y":2.330432415008545,"z":0.04075154662132263},"rotation":{"x":0.033154718577861789,"y":0.8934146761894226,"z":-0.44050154089927676,"w":0.07513440400362015},"size":13.373655319213868,"orthographic":false}