{"cameraMode":{"drawMode":0,"name":"Shaded","section":"Shading Mode"},"sceneLighting":false,"audioPlay":false,"sceneViewState":{"showFog":true,"showMaterialUpdate":false,"showSkybox":false,"showFlares":true,"showImageEffects":true,"showParticleSystems":true,"showVisualEffectGraphs":true,"m_FxEnabled":true},"in2DMode":false,"pivot":{"x":-0.4948536157608032,"y":1.0302786827087403,"z":1.949794054031372},"rotation":{"x":0.11630179733037949,"y":0.11148762702941895,"z":-0.013134866021573544,"w":0.9868524670600891},"size":5.366025924682617,"orthographic":false}